{
  "hash": "8da02014",
  "configHash": "a6d5daf8",
  "lockfileHash": "d44b9879",
  "browserHash": "4a464891",
  "optimized": {
    "@angular/core": {
      "src": "../../../../../node_modules/@angular/core/fesm2022/core.mjs",
      "file": "@angular_core.js",
      "fileHash": "54d691d7",
      "needsInterop": false
    },
    "@angular/platform-browser": {
      "src": "../../../../../node_modules/@angular/platform-browser/fesm2022/platform-browser.mjs",
      "file": "@angular_platform-browser.js",
      "fileHash": "917c1d6b",
      "needsInterop": false
    },
    "@angular/router": {
      "src": "../../../../../node_modules/@angular/router/fesm2022/router.mjs",
      "file": "@angular_router.js",
      "fileHash": "c1284f13",
      "needsInterop": false
    }
  },
  "chunks": {
    "chunk-2P6HCSBA": {
      "file": "chunk-2P6HCSBA.js"
    },
    "chunk-ZDDPHS7B": {
      "file": "chunk-ZDDPHS7B.js"
    }
  }
}